Date;Open
2015-11-08;76.55927286
2015-11-09;52.94763437
2015-11-10;123.71673471
2015-11-11;140.32538735
2015-11-12;184.04841208
2015-11-13;114.87871334
2015-11-14;51.7854937
2015-11-15;73.53327846
2015-11-16;83.01478014
2015-11-17;87.42883722
2015-11-18;59.65146845
2015-11-19;46.06616721
2015-11-20;78.94460649
2015-11-21;4.57207009
2015-11-22;36.66267747
2015-11-23;68.8862419
2015-11-24;349.52485302
2015-11-25;175.52180749
2015-11-26;136.62112405
2015-11-27;83.17191044
2015-11-28;54.90819496
2015-11-29;87.6996557
2015-11-30;79.73365202
2015-12-01;442.0814448
2015-12-02;228.55621082
2015-12-03;1144.63295736
2015-12-04;50.81390144
2015-12-05;205.33255949
2015-12-06;170.31993018
2015-12-07;241.34641004
2015-12-08;259.51137301
2015-12-09;265.76156528
2015-12-10;233.11669732
2015-12-11;461.35822146
2015-12-12;238.98760812
2015-12-13;40.15370005
2015-12-14;302.06599034
2015-12-15;187.2792695
2015-12-16;183.7932899
2015-12-17;67.71351772
2015-12-18;92.69887505
2015-12-19;52.99059335
2015-12-20;166.610861
2015-12-21;193.73980497
2015-12-22;40.91631382
2015-12-23;66.44749549
2015-12-24;60.26048777
2015-12-25;4.06676206
2015-12-26;216.29296296
2015-12-27;26.98186203
2015-12-28;108.74893911
2015-12-29;148.26471719
2015-12-30;48.78505384
2015-12-31;80.65263234
2016-01-01;14.34857996
2016-01-02;26.75948217
2016-01-03;23.61102955
2016-01-04;40.87598514
2016-01-05;34.0820651
2016-01-06;20.04790497
2016-01-07;132.76454268
2016-01-08;110.94217655
2016-01-09;84.78387588
2016-01-10;42.67798529
2016-01-11;110.19949601
2016-01-12;157.6837879
2016-01-13;180.79213732
2016-01-14;44.44569492
2016-01-15;629.53449789
2016-01-16;516.38840631
2016-01-17;133.94492996
2016-01-18;243.0561327
2016-01-19;68.61650783
2016-01-20;792.66241899
2016-01-21;730.23462389
2016-01-22;514.51955514
2016-01-23;387.82846078
2016-01-24;601.90077185
2016-01-25;473.13315726
2016-01-26;709.36995262
2016-01-27;200.92198808
2016-01-28;316.9674517
2016-01-29;613.79043538
2016-01-30;207.77435071
2016-01-31;209.20134691
2016-02-01;525.13902909
2016-02-02;361.86236674
2016-02-03;218.30959837
2016-02-04;381.75917223
2016-02-05;476.17870446
2016-02-06;414.89740118
2016-02-07;183.54621616
2016-02-08;443.17404046
2016-02-09;817.40577502
2016-02-10;1174.18769857
2016-02-11;1332.49939275
2016-02-12;977.51909123
2016-02-13;787.50986502
2016-02-14;656.22181722
2016-02-15;713.85152284
2016-02-16;1024.48791176
2016-02-17;1199.23906119
2016-02-18;820.85664481
2016-02-19;445.84891762
2016-02-20;1137.38619201
2016-02-21;857.57710561
2016-02-22;917.76519553
2016-02-23;1204.39808293
2016-02-24;768.12050275
2016-02-25;746.25778678
2016-02-26;459.17621408
2016-02-27;615.00791535
2016-02-28;177.42158981
2016-02-29;584.04279785
2016-03-01;1807.94366283
2016-03-02;1344.91873428
2016-03-03;3659.17016214
2016-03-04;3020.26042887
2016-03-05;4395.3263442
2016-03-06;1730.36531397
2016-03-07;1289.67885064
2016-03-08;1315.05989734
2016-03-09;1564.18525251
2016-03-10;2772.20313482
2016-03-11;1521.51143374
2016-03-12;4301.44101092
2016-03-13;2155.37911977
2016-03-14;3341.57440878
2016-03-15;1782.3582059
2016-03-16;1605.64099467
2016-03-17;1841.74962798
2016-03-18;3224.53354456
2016-03-19;1850.62017613
2016-03-20;805.37887638
2016-03-21;1344.26416368
2016-03-22;1649.59546351
2016-03-23;1274.31785846
2016-03-24;1187.85073548
2016-03-25;943.39452085
2016-03-26;978.54679088
2016-03-27;1292.97249245
2016-03-28;1137.46730781
2016-03-29;1234.4149428
2016-03-30;1042.93259746
2016-03-31;2093.38661103
2016-04-01;648.04544993
2016-04-02;524.02184007
2016-04-03;495.93460619
2016-04-04;582.49700918
2016-04-05;985.01747775
2016-04-06;891.88250026
2016-04-07;1047.52218418
2016-04-08;860.5745307
2016-04-09;847.10658518
2016-04-10;1653.58408562
2016-04-11;1256.09198973
2016-04-12;1155.98638326
2016-04-13;1185.14415083
2016-04-14;513.18561871
2016-04-15;637.08322011
2016-04-16;782.76846673
2016-04-17;561.66602068
2016-04-18;1041.33383008
2016-04-19;1174.73695004
2016-04-20;1573.49069
2016-04-21;929.49301806
2016-04-22;637.17797835
2016-04-23;697.79997744
2016-04-24;1119.79093256
2016-04-25;1499.927835
2016-04-26;903.14269131
2016-04-27;1581.65048552
2016-04-28;1765.42310661
2016-04-29;943.25400149
2016-04-30;1183.06132266
2016-05-01;286.45371155
2016-05-02;1356.18527065
2016-05-03;1225.40341292
2016-05-04;716.89959339
2016-05-05;642.54314292
2016-05-06;1843.92832575
2016-05-07;280.7667734
2016-05-08;659.28489475
2016-05-09;1250.33424585
2016-05-10;1013.24355492
2016-05-11;1803.31808499
2016-05-12;840.4801153
2016-05-13;1285.47660469
2016-05-14;956.20465056
2016-05-15;273.8081032
2016-05-16;1269.23949153
2016-05-17;1103.60164185
2016-05-18;1306.21491352
2016-05-19;1400.39894995
2016-05-20;974.52793627
2016-05-21;674.10713316
2016-05-22;2794.53719104
2016-05-23;2893.73461032
2016-05-24;1404.71292779
2016-05-25;615.18590462
2016-05-26;908.69858284
2016-05-27;1861.14560185
2016-05-28;5187.82575273
2016-05-29;2604.02209032
2016-05-30;925.90751508
2016-05-31;2715.74576128
2016-06-01;1990.51260945
2016-06-02;1856.93965633
2016-06-03;2673.19577293
2016-06-04;2460.69301591
2016-06-05;1174.57824293
2016-06-06;1021.72198642
2016-06-07;3444.97842821
2016-06-08;1349.38147871
2016-06-09;1371.58565316
2016-06-10;1378.95354756
2016-06-11;1674.20253251
2016-06-12;5122.90972205
2016-06-13;3952.06851993
2016-06-14;4355.66858162
2016-06-15;1895.60688763
2016-06-16;5718.33655497
2016-06-17;5828.11310036
2016-06-18;5967.98579674
2016-06-19;2490.49722151
2016-06-20;3884.35568689
2016-06-21;8380.67548276
2016-06-22;7182.3480301
2016-06-23;4783.67158637
2016-06-24;5927.37738354
2016-06-25;2249.56046411
2016-06-26;1331.19997285
2016-06-27;1268.69988772
2016-06-28;2469.80469693
2016-06-29;2069.45225032
2016-06-30;1678.3223919
2016-07-01;2086.28157924
2016-07-02;1237.97284813
2016-07-03;1542.94534557
2016-07-04;1718.81520302
2016-07-05;902.87082755
2016-07-06;929.89980876
2016-07-07;2885.29164833
2016-07-08;1828.56117511
2016-07-09;1908.29595283
2016-07-10;450.16783226
2016-07-11;814.15725776
2016-07-12;1014.41009534
2016-07-13;949.59525128
2016-07-14;1106.7690508
2016-07-15;1151.60114268
2016-07-16;435.84460215
2016-07-17;933.59536725
2016-07-18;1292.03108664
2016-07-19;996.32950445
2016-07-20;1575.12978596
2016-07-21;530.58699986
2016-07-22;1532.27946825
2016-07-23;712.34529124
2016-07-24;884.05481096
2016-07-25;857.46988464
2016-07-26;1148.20481319
2016-07-27;1752.72733892
2016-07-28;876.47618424
2016-07-29;995.07286448
2016-07-30;447.13761828
2016-07-31;1375.02250876
2016-08-01;2570.09989403
2016-08-02;7786.68736956
2016-08-03;4713.47046662
2016-08-04;2734.7288644
2016-08-05;998.11008368
2016-08-06;1052.86443358
2016-08-07;1340.19124491
2016-08-08;936.94698507
2016-08-09;1063.75653604
2016-08-10;1865.64864166
2016-08-11;1587.08398523
2016-08-12;945.76278197
2016-08-13;521.88089892
2016-08-14;1012.79247139
2016-08-15;792.25392683
2016-08-16;1213.87368754
2016-08-17;745.91750952
2016-08-18;611.89723521
2016-08-19;598.68829495
2016-08-20;471.84445332
2016-08-21;389.93232466
2016-08-22;797.86087701
2016-08-23;778.66356393
2016-08-24;534.29232962
2016-08-25;1354.07377126
2016-08-26;327.0230187
2016-08-27;649.69576307
2016-08-28;561.1987868
2016-08-29;860.06405498
2016-08-30;722.86156374
2016-08-31;493.37087059
2016-09-01;1005.53143731
2016-09-02;1057.93433124
2016-09-03;1284.6858923
2016-09-04;955.08453854
2016-09-05;729.34538701
2016-09-06;486.09622895
2016-09-07;1021.47846749
2016-09-08;966.32584851
2016-09-09;576.5847536
2016-09-10;437.36595566
2016-09-11;804.99401537
2016-09-12;512.17820857
2016-09-13;735.57708484
2016-09-14;657.97526357
2016-09-15;533.76510802
2016-09-16;448.51146351
2016-09-17;325.56070613
2016-09-18;325.86890768
2016-09-19;619.15426095
2016-09-20;884.39401346
2016-09-21;985.50196343
2016-09-22;502.4268412
2016-09-23;507.52146258
2016-09-24;309.57007911
2016-09-25;453.32411073
2016-09-26;770.15594472
2016-09-27;719.77454014
2016-09-28;416.29645266
2016-09-29;494.69180025
2016-09-30;544.42031392
2016-10-01;440.3560116
2016-10-02;354.24130513
2016-10-03;569.26370375
2016-10-04;431.40377902
2016-10-05;833.79725399
2016-10-06;388.85170437
2016-10-07;1659.79474886
2016-10-08;524.79641358
2016-10-09;366.43895809
2016-10-10;755.655561290001
2016-10-11;1431.65950328
2016-10-12;779.21833023
2016-10-13;753.8126176
2016-10-14;936.35072838
2016-10-15;538.21288799
2016-10-16;200.57673784
2016-10-17;613.64494738
2016-10-18;594.48444963
2016-10-19;1049.27869763
2016-10-20;457.29807306
2016-10-21;735.87913428
2016-10-22;1480.44352413
2016-10-23;785.13072873
2016-10-24;1362.23293953
2016-10-25;1664.23532187
2016-10-26;1596.70714746
2016-10-27;1530.09630912
2016-10-28;1209.1682265
2016-10-29;1649.02622406
2016-10-30;1750.78012875
2016-10-31;982.63104548
2016-11-01;2336.21997665
2016-11-02;1902.39363235
2016-11-03;4169.1395059
2016-11-04;1904.91001333
2016-11-05;630.68772898
2016-11-06;638.74409883
2016-11-07;917.36998138
2016-11-08;967.34917889
2016-11-09;2759.30796137
2016-11-10;1231.38001372
2016-11-11;719.85839463
2016-11-12;722.71379682
2016-11-13;1072.46863737
2016-11-14;785.10849397
2016-11-15;848.93771317
2016-11-16;2465.33955327
2016-11-17;3453.91516923
2016-11-18;1730.44248482
2016-11-19;1420.026691
2016-11-20;1413.78335551
2016-11-21;545.09034298
2016-11-22;1806.7746401
2016-11-23;1283.53422928
2016-11-24;867.19839528
2016-11-25;985.0119726
2016-11-26;678.23609239
2016-11-27;637.78992721
2016-11-28;819.24054225
2016-11-29;1062.32682896
2016-11-30;1169.44117011
2016-12-01;1292.50346652
2016-12-02;2472.77886013
2016-12-03;667.69222557
2016-12-04;561.94783948
2016-12-05;1724.43742361
2016-12-06;1157.99397138
2016-12-07;812.33592406
2016-12-08;801.56431178
2016-12-09;813.78556932
2016-12-10;694.8646042
2016-12-11;628.4658587
2016-12-12;1031.13397051
2016-12-13;1060.56854131
2016-12-14;912.35108757
2016-12-15;757.44291416
2016-12-16;1067.24742778
2016-12-17;628.42261041
2016-12-18;368.00924406
2016-12-19;652.20236051
2016-12-20;1204.58822173
2016-12-21;1934.64349575
2016-12-22;2489.42095064
2016-12-23;4129.91307165
2016-12-24;1563.14245578
2016-12-25;1642.71954268
2016-12-26;1837.27965717
2016-12-27;1772.72488786
2016-12-28;3290.4234001
2016-12-29;2551.01222316
2016-12-30;2162.44258416
2016-12-31;779.90472456
2017-01-01;1478.19066168
2017-01-02;2307.09531837
2017-01-03;1669.60575573
2017-01-04;5566.10435777
2017-01-05;8500.09326664
2017-01-06;5748.61784691
2017-01-07;5257.78151447
2017-01-08;1997.57454164
2017-01-09;1317.28617545
2017-01-10;1198.19989441
2017-01-11;9817.79889829
2017-01-12;4234.77053364
2017-01-13;2988.12239941
2017-01-14;1682.15476394
2017-01-15;1182.96094483
2017-01-16;1343.44034216
2017-01-17;4616.87770626
2017-01-18;3303.90896033
2017-01-19;2525.66719507
2017-01-20;1625.59362644
2017-01-21;2087.00090821
2017-01-22;1996.77028969
2017-01-23;1195.20769588
2017-01-24;3501.54969645
2017-01-25;1274.42905475
2017-01-26;1179.80109759
2017-01-27;1444.89926494
2017-01-28;726.58837968
2017-01-29;599.44860244
2017-01-30;1286.16258232
2017-01-31;3305.75546659
2017-02-01;2383.45897765
2017-02-02;2584.40049138
2017-02-03;3197.93549583
2017-02-04;1805.75453962
2017-02-05;1148.18621798
2017-02-06;808.938483
2017-02-07;1958.67703779
2017-02-08;2968.71043459
2017-02-09;6762.98804082
2017-02-10;2778.28262031
2017-02-11;1312.08252437
2017-02-12;825.83598941
2017-02-13;1314.36198067
2017-02-14;1851.33238405
2017-02-15;1248.51939878
2017-02-16;1918.29736767
2017-02-17;2165.19887736
2017-02-18;1467.38918303
2017-02-19;520.15179874
2017-02-20;1440.87051755
2017-02-21;2575.18016495
2017-02-22;2198.07601363
2017-02-23;3010.45673031
2017-02-24;4999.21394767
2017-02-25;2223.26888247
2017-02-26;1722.74636631
2017-02-27;1837.69005499
2017-02-28;2027.08165468
2017-03-01;2248.94255154
2017-03-02;2886.5383
2017-03-03;2729.15461471
2017-03-04;1414.87236665
2017-03-05;1200.18062012
2017-03-06;1005.16184234
2017-03-07;4081.77712921
2017-03-08;3161.96380674
2017-03-09;2289.80134809
2017-03-10;8294.81004874004
2017-03-11;3741.85717652
2017-03-12;1965.52362399
2017-03-13;4085.58483833
2017-03-14;2523.75104397
2017-03-15;2410.08624758
2017-03-16;6834.24568947
2017-03-17;8378.76056902
2017-03-18;6809.69603319
2017-03-19;4299.73879027
2017-03-20;3228.56027229
2017-03-21;3491.83945085
2017-03-22;3833.96010786
2017-03-23;2445.78469791
2017-03-24;4800.93919929
2017-03-25;4831.80778438
2017-03-26;2850.42628474
2017-03-27;3334.31478794
2017-03-28;4578.76417589
2017-03-29;3867.97754654
2017-03-30;3219.42627621
2017-03-31;3657.23042586
2017-04-01;2543.24790958
2017-04-02;3050.13233054
2017-04-03;4134.64722763
2017-04-04;3244.89795693
2017-04-05;2280.80129201
2017-04-06;3858.67519047
2017-04-07;1736.14682991
2017-04-08;1226.28896472
2017-04-09;1984.92548399
2017-04-10;1624.62890774
2017-04-11;1381.25806694
2017-04-12;1511.84995905
2017-04-13;2865.65624627
2017-04-14;1638.36379117
2017-04-15;1139.76355432
2017-04-16;660.77880033
2017-04-17;1856.53718947
2017-04-18;2141.0172083
2017-04-19;1959.43227945
2017-04-20;2311.65247676
2017-04-21;1985.63803239
2017-04-22;1659.24103
2017-04-23;1303.85294933
2017-04-24;1587.45415051
2017-04-25;1624.23708372
2017-04-26;3355.71416436
2017-04-27;3316.58899494
2017-04-28;3527.36217562
2017-04-29;2124.5495966
2017-04-30;1779.96768938
2017-05-01;5314.13824244
2017-05-02;5160.18344912
2017-05-03;5193.27639482
2017-05-04;9172.90148331
2017-05-05;7859.93197098
2017-05-06;3478.67650695
2017-05-07;5592.76035036
2017-05-08;7031.97886357
2017-05-09;8209.65256373
2017-05-10;5282.78134717
2017-05-11;7053.15854315
2017-05-12;6996.65421712
2017-05-13;5521.86134078
2017-05-14;2598.56417973
2017-05-15;4579.84522357
2017-05-16;6118.34973203
2017-05-17;7585.59118773
2017-05-18;6693.3824515
2017-05-19;7582.81121885
2017-05-20;6004.57879105
2017-05-21;5935.44935035
2017-05-22;9816.82174797
2017-05-23;7547.2781841
2017-05-24;9468.72844229
2017-05-25;14233.47471025
2017-05-26;10871.99885663
2017-05-27;12534.39914753
2017-05-28;7017.33573788
2017-05-29;4466.55258893
2017-05-30;7795.44975019
2017-05-31;8836.66199251
2017-06-01;10561.40087203
2017-06-02;7019.74562439
2017-06-03;5467.76714269
2017-06-04;5772.87682718
2017-06-05;6539.22652292
2017-06-06;11717.21478279
2017-06-07;7816.34335809
2017-06-08;5274.32402683
2017-06-09;3812.55353931
2017-06-10;6116.9691655
2017-06-11;4738.1915798
2017-06-12;10270.90366937
2017-06-13;7200.4129436
2017-06-14;10307.6888616
2017-06-15;15725.06861977
2017-06-16;8199.12396206
2017-06-17;5840.43140512
2017-06-18;7006.94574528
2017-06-19;6459.40340697
2017-06-20;6385.09305493
2017-06-21;6443.29821865
2017-06-22;4830.25325455
2017-06-23;3467.61184512
2017-06-24;4388.75826031
2017-06-25;5293.36994113
2017-06-26;9803.02096366999
2017-06-27;9163.27270786
2017-06-28;7936.55979987
2017-06-29;5462.7420328
2017-06-30;5522.98436402
2017-07-01;5294.89212957
2017-07-02;5874.65109879
2017-07-03;6427.10324836
2017-07-04;5916.6169171
2017-07-05;5114.56959655
2017-07-06;3528.72318966
2017-07-07;4956.84936433
2017-07-08;5186.4747058
2017-07-09;2608.34571341
2017-07-10;8795.77251744999
2017-07-11;9926.80163555
2017-07-12;7603.57401073
2017-07-13;6113.58367702
2017-07-14;7547.15576599999
2017-07-15;11774.54433707
2017-07-16;13840.30336085
2017-07-17;12866.5642179
2017-07-18;15037.5250147
2017-07-19;9367.33940957
2017-07-20;16465.54372996
2017-07-21;12131.70914063
2017-07-22;8247.07931973
2017-07-23;8021.95663598
2017-07-24;5221.13369129
2017-07-25;10789.66211371
2017-07-26;9942.9701169
2017-07-27;6869.44407153999
2017-07-28;9163.83609075
2017-07-29;7068.39098876
2017-07-30;4432.01944492
2017-07-31;7421.35930945
2017-08-01;13128.83402973
2017-08-02;6560.85694982
2017-08-03;6069.83355832
2017-08-04;5969.506676
2017-08-05;12846.2877564
2017-08-06;5412.31929521
2017-08-07;6389.08523775
2017-08-08;7446.40589117999
2017-08-09;6149.15996821
2017-08-10;3997.94405102
2017-08-11;5731.53683792
2017-08-12;8296.37663447999
2017-08-13;11504.37121179
2017-08-14;9768.30274993999
2017-08-15;12347.20831715
2017-08-16;7600.44702534
2017-08-17;7641.76969396
2017-08-18;9739.86573902999
2017-08-19;5163.2532409
2017-08-20;4318.74607052
2017-08-21;5070.67114359
2017-08-22;10243.52456568
2017-08-23;5552.17923783
2017-08-24;4475.34873171
2017-08-25;4496.68320251
2017-08-26;2665.7511449
2017-08-27;2241.11183796
2017-08-28;4706.67506224999
2017-08-29;5540.05150058
2017-08-30;4005.98910457
2017-08-31;4116.62201611
2017-09-01;4476.53958185
2017-09-02;7544.28673124
2017-09-03;5063.75523135
2017-09-04;9061.14572853
2017-09-05;6853.20484346
2017-09-06;4857.90857028
2017-09-07;3747.28220704
2017-09-08;8247.46699472
2017-09-09;3544.92106629
2017-09-10;4165.947233
2017-09-11;4285.28478926
2017-09-12;5586.0379546
2017-09-13;11043.21298112
2017-09-14;16615.49426723
2017-09-15;21846.76695508
2017-09-16;8378.22227064
2017-09-17;4515.48314899
2017-09-18;7398.92828545
2017-09-19;7331.02515285
2017-09-20;4828.39586068
2017-09-21;7093.67811307
2017-09-22;5016.90072309
2017-09-23;4144.04865655
2017-09-24;2723.61174226
2017-09-25;5156.38634069
2017-09-26;4312.7806046
2017-09-27;6850.54844888
2017-09-28;5769.81687903
2017-09-29;4264.41333192
2017-09-30;3565.25937074
2017-10-01;2721.38577408
2017-10-02;3475.87090973
2017-10-03;5346.37481338
2017-10-04;3742.45870332
2017-10-05;3422.40852665
2017-10-06;3102.3235294
2017-10-07;2320.46385183
2017-10-08;4105.51719742
2017-10-09;5241.18232486
2017-10-10;5679.17992944
2017-10-11;3619.2746455
2017-10-12;7950.66660959999
2017-10-13;9222.14433934
2017-10-14;3019.94647571
2017-10-15;4536.38621516
2017-10-16;3134.62065681
2017-10-17;3462.55347926
2017-10-18;6192.78961184
2017-10-19;3449.55959035
2017-10-20;4449.03328167
2017-10-21;4431.12456991
2017-10-22;3153.67405449
2017-10-23;4732.96457613
2017-10-24;5791.6319269
2017-10-25;4900.59050168
2017-10-26;3863.26207309
2017-10-27;3109.0864276
2017-10-28;2051.06476132
2017-10-29;4183.97770779
2017-10-30;2817.13661322
2017-10-31;3950.14618649
2017-11-01;5055.97894408
2017-11-02;7346.37422648
2017-11-03;4840.04253561
2017-11-04;2705.03503914
2017-11-05;2604.5885088
2017-11-06;4961.19201324
2017-11-07;2974.53772295